{"y": [8, 2, 4, 19, 42, 40, 20, 17, 10, 4], "x": [2.0, 2.780263157894737, 3.5605263157894735, 4.34078947368421, 5.121052631578947, 5.901315789473684, 6.68157894736842, 7.461842105263157, 8.242105263157894, 9.022368421052631]}